,,
,"Generative artificial intelligence has made rapid strides in recent years, pushing the boundaries of what is possible",
,"through automation and augmentation of human creativity[1]. As generative techniques like text generation, image",
,"synthesis and other forms of automatic content creation continue advancing at an exponential pace[2], the potential for",
,generative AI to transform frontend development is immense. This paper explores the specific impacts that generative,
,AI is poised to have on the frontend development process and workflow. Key areas discussed include automated code,
,"generation for rapid prototyping, visual design automation to speed up the design process, dynamic content creation to",
,"reduce workload, and accessibility testing to improve user experience for all. While generative AI promises to greatly",
,"enhance productivity and efficiency, certain concerns regarding bias, job displacement, reliability and privacy must be",
,addressed to ensure its responsible development and application. The paper concludes by considering the future of,
,frontend development with generative AI and how advances may both benefit and challenge the field in the years to,
,come.,
,,
